dwell_0,dwell_1,dwell_2,dwell_3,dwell_4,dwell_5,dwell_6,dwell_7,dwell_8,dwell_9,dwell_10,dwell_11,dwell_12,dwell_13,dwell_14,dwell_15,dwell_16,dwell_17,dwell_18,dwell_19,mean_dwell,std_dwell,user,password
57.0,56.99999999999818,83.0,63.0,71.0,90.00000000000546,14.0,478.0,121.0,135.0,136.0,0.0,0.0,0.0,0.0,0.0,0.0,0.0,0.0,0.0,65.25000000000018,108.91516495830484,tr,Rochak@2005
124.0,93.0,77.99999999999636,84.0,121.99999999999636,76.99999999999636,90.99999999999636,35.99999999999636,97.00000000000364,40.0,0.0,0.0,0.0,0.0,0.0,0.0,0.0,0.0,0.0,0.0,42.09999999999927,47.63667317916832,tr,Rochak@2005
8.0,64.0,31.0,77.0,46.0,43.99999999999272,140.0,105.0,135.0,131.0,0.0,0.0,0.0,0.0,0.0,0.0,0.0,0.0,0.0,0.0,39.049999999999635,51.613416248511406,tr,Rochak@2005
103.0,70.0,44.0,126.0,84.0,117.0,30.0,103.0,122.0,0.0,0.0,0.0,0.0,0.0,0.0,0.0,0.0,0.0,0.0,0.0,39.95,50.54385797450931,tr,Rochak@2005
115.0,107.0,49.0,80.00000000000728,63.00000000000728,196.0,196.99999999999272,98.0,128.0,99.0,0.0,0.0,0.0,0.0,0.0,0.0,0.0,0.0,0.0,0.0,56.60000000000037,67.42902701515455,tr,Rochak@2005
94.00000000000182,99.0,64.0,113.0,77.0,121.0,43.0,114.0,71.0,0.0,0.0,0.0,0.0,0.0,0.0,0.0,0.0,0.0,0.0,0.0,39.80000000000009,48.273998667693064,tr,Rochak@2005
44.0,46.0,83.0,47.0,69.0,68.0,292.0,8.000000000003638,58.0,67.0,43.0,0.0,0.0,0.0,0.0,0.0,0.0,0.0,0.0,0.0,41.250000000000185,66.30620753666074,tr,Rochak@2005
