total_length,duration,avg_speed,bbox_width,bbox_height,mean_radius,std_radius,min_radius,max_radius,direction_changes,user,password
503.3870288845041,2587.0,0.1945833122862404,137,167.0,71.12401960781123,19.689533656876357,48.759565848920275,112.4247178319048,18,rochak,rkj
587.833533075734,2250.0,0.2612593480336595,167,164.0,76.38837498603,20.11318104315472,49.7747176985732,112.10112910659132,9,rochak,rkj
599.3898961576623,2020.0,0.2967276713651793,180,157.0,75.25325104656959,28.445970925283977,36.536530425802,132.94918097612418,20,rochak,rkj
709.973259533632,1984.0,0.3578494251681613,183,200.0,78.31080953239943,34.30687748538954,34.38825780758768,151.9648133201581,22,rochak,rkj
431.5994779542977,1467.0,0.2942055064446474,113,138.0,52.46800746357085,20.508086529804345,24.852958829215527,91.82802193203008,10,rochak,rkj
926.2550295756732,2352.000000000002,0.3938159139352349,291,280.0,111.19865462709761,50.97253439473976,67.58407825173097,217.36458193387884,6,rochak,rkj
